,comment,corridorCode,productIdentification,productHour,offeredCapacity,requestedCapacity,allocatedCapacity,auctionPrice,additionalMessage,datetime
0,,PL-UA,B06-------,05:00-06:00,32.0,69.0,32.0,0.1,,2024-04-05 05:00:00
1,,PL-UA,B07-------,06:00-07:00,32.0,69.0,32.0,0.66,,2024-04-05 06:00:00
2,,PL-UA,B08-------,07:00-08:00,14.0,33.0,14.0,5.0,,2024-04-05 07:00:00
3,,PL-UA,B09-------,08:00-09:00,0.0,0.0,0.0,0.0,,2024-04-05 08:00:00
4,,PL-UA,B10-------,09:00-10:00,0.0,0.0,0.0,0.0,,2024-04-05 09:00:00
5,,PL-UA,B11-------,10:00-11:00,0.0,0.0,0.0,0.0,,2024-04-05 10:00:00
6,,PL-UA,B12-------,11:00-12:00,0.0,0.0,0.0,0.0,,2024-04-05 11:00:00
7,,PL-UA,B13-------,12:00-13:00,0.0,0.0,0.0,0.0,,2024-04-05 12:00:00
8,,PL-UA,B14-------,13:00-14:00,0.0,0.0,0.0,0.0,,2024-04-05 13:00:00
9,,PL-UA,B15-------,14:00-15:00,0.0,0.0,0.0,0.0,,2024-04-05 14:00:00
10,,PL-UA,B16-------,15:00-16:00,50.0,105.0,49.0,0.1,,2024-04-05 15:00:00
11,,PL-UA,B17-------,16:00-17:00,87.0,179.0,87.0,0.1,,2024-04-05 16:00:00
12,,PL-UA,B18-------,17:00-18:00,123.0,251.0,123.0,0.39,,2024-04-05 17:00:00
13,,PL-UA,B19-------,18:00-19:00,214.0,647.0,214.0,10.0,,2024-04-05 18:00:00
14,,PL-UA,B20-------,19:00-20:00,255.0,780.0,255.0,10.0,,2024-04-05 19:00:00
15,,PL-UA,B21-------,20:00-21:00,196.0,603.0,196.0,10.0,,2024-04-05 20:00:00
16,,PL-UA,B22-------,21:00-22:00,141.0,287.0,141.0,0.02,,2024-04-05 21:00:00
17,,PL-UA,B23-------,22:00-23:00,32.0,69.0,32.0,0.1,,2024-04-05 22:00:00
18,,PL-UA,B24-------,23:00-24:00,0.0,0.0,0.0,0.0,,2024-04-05 23:00:00
19,,PL-UA,B01-------,00:00-01:00,32.0,69.0,32.0,0.1,,2024-04-05 00:00:00
20,,PL-UA,B02-------,01:00-02:00,32.0,69.0,32.0,0.1,,2024-04-05 01:00:00
21,,PL-UA,B03-------,02:00-03:00,32.0,69.0,32.0,0.1,,2024-04-05 02:00:00
22,,PL-UA,B04-------,03:00-04:00,32.0,69.0,32.0,0.1,,2024-04-05 03:00:00
23,,PL-UA,B05-------,04:00-05:00,32.0,69.0,32.0,0.1,,2024-04-05 04:00:00
24,,PL-UA,B01-------,00:00-01:00,0.0,0.0,0.0,0.0,,2024-04-06 00:00:00
25,,PL-UA,B02-------,01:00-02:00,0.0,0.0,0.0,0.0,,2024-04-06 01:00:00
26,,PL-UA,B03-------,02:00-03:00,0.0,0.0,0.0,0.0,,2024-04-06 02:00:00
27,,PL-UA,B04-------,03:00-04:00,0.0,0.0,0.0,0.0,,2024-04-06 03:00:00
28,,PL-UA,B05-------,04:00-05:00,0.0,0.0,0.0,0.0,,2024-04-06 04:00:00
29,,PL-UA,B06-------,05:00-06:00,0.0,0.0,0.0,0.0,,2024-04-06 05:00:00
30,,PL-UA,B07-------,06:00-07:00,0.0,0.0,0.0,0.0,,2024-04-06 06:00:00
31,,PL-UA,B08-------,07:00-08:00,0.0,0.0,0.0,0.0,,2024-04-06 07:00:00
32,,PL-UA,B09-------,08:00-09:00,0.0,0.0,0.0,0.0,,2024-04-06 08:00:00
33,,PL-UA,B10-------,09:00-10:00,0.0,0.0,0.0,0.0,,2024-04-06 09:00:00
34,,PL-UA,B11-------,10:00-11:00,0.0,0.0,0.0,0.0,,2024-04-06 10:00:00
35,,PL-UA,B12-------,11:00-12:00,0.0,0.0,0.0,0.0,,2024-04-06 11:00:00
36,,PL-UA,B13-------,12:00-13:00,0.0,0.0,0.0,0.0,,2024-04-06 12:00:00
37,,PL-UA,B14-------,13:00-14:00,0.0,0.0,0.0,0.0,,2024-04-06 13:00:00
38,,PL-UA,B15-------,14:00-15:00,0.0,0.0,0.0,0.0,,2024-04-06 14:00:00
39,,PL-UA,B16-------,15:00-16:00,32.0,37.0,32.0,0.0,,2024-04-06 15:00:00
40,,PL-UA,B17-------,16:00-17:00,69.0,74.0,69.0,0.0,,2024-04-06 16:00:00
41,,PL-UA,B18-------,17:00-18:00,87.0,179.0,87.0,0.25,,2024-04-06 17:00:00
42,,PL-UA,B19-------,18:00-19:00,178.0,361.0,178.0,1.0,,2024-04-06 18:00:00
43,,PL-UA,B20-------,19:00-20:00,178.0,361.0,178.0,1.0,,2024-04-06 19:00:00
44,,PL-UA,B21-------,20:00-21:00,178.0,361.0,178.0,1.0,,2024-04-06 20:00:00
45,,PL-UA,B22-------,21:00-22:00,87.0,179.0,87.0,0.05,,2024-04-06 21:00:00
46,,PL-UA,B23-------,22:00-23:00,32.0,37.0,32.0,0.0,,2024-04-06 22:00:00
47,,PL-UA,B24-------,23:00-24:00,0.0,0.0,0.0,0.0,,2024-04-06 23:00:00
48,,PL-UA,B16-------,15:00-16:00,0.0,0.0,0.0,0.0,,2024-04-07 15:00:00
49,,PL-UA,B17-------,16:00-17:00,50.0,55.0,50.0,0.05,,2024-04-07 16:00:00
50,,PL-UA,B18-------,17:00-18:00,141.0,146.0,141.0,0.05,,2024-04-07 17:00:00
51,,PL-UA,B19-------,18:00-19:00,228.0,233.0,228.0,0.05,,2024-04-07 18:00:00
52,,PL-UA,B20-------,19:00-20:00,0.0,0.0,0.0,0.0,,2024-04-07 19:00:00
53,,PL-UA,B21-------,20:00-21:00,0.0,0.0,0.0,0.0,,2024-04-07 20:00:00
54,,PL-UA,B22-------,21:00-22:00,123.0,5.0,5.0,0.0,,2024-04-07 21:00:00
55,,PL-UA,B23-------,22:00-23:00,141.0,5.0,5.0,0.0,,2024-04-07 22:00:00
56,,PL-UA,B01-------,00:00-01:00,0.0,0.0,0.0,0.0,,2024-04-07 00:00:00
57,,PL-UA,B02-------,01:00-02:00,0.0,0.0,0.0,0.0,,2024-04-07 01:00:00
58,,PL-UA,B03-------,02:00-03:00,0.0,0.0,0.0,0.0,,2024-04-07 02:00:00
59,,PL-UA,B04-------,03:00-04:00,14.0,5.0,5.0,0.0,,2024-04-07 03:00:00
60,,PL-UA,B05-------,04:00-05:00,69.0,5.0,5.0,0.0,,2024-04-07 04:00:00
61,,PL-UA,B06-------,05:00-06:00,69.0,5.0,5.0,0.0,,2024-04-07 05:00:00
62,,PL-UA,B07-------,06:00-07:00,69.0,5.0,5.0,0.0,,2024-04-07 06:00:00
63,,PL-UA,B08-------,07:00-08:00,69.0,5.0,5.0,0.0,,2024-04-07 07:00:00
64,,PL-UA,B09-------,08:00-09:00,0.0,0.0,0.0,0.0,,2024-04-07 08:00:00
65,,PL-UA,B10-------,09:00-10:00,0.0,0.0,0.0,0.0,,2024-04-07 09:00:00
66,,PL-UA,B11-------,10:00-11:00,0.0,0.0,0.0,0.0,,2024-04-07 10:00:00
67,,PL-UA,B12-------,11:00-12:00,0.0,0.0,0.0,0.0,,2024-04-07 11:00:00
68,,PL-UA,B13-------,12:00-13:00,0.0,0.0,0.0,0.0,,2024-04-07 12:00:00
69,,PL-UA,B14-------,13:00-14:00,0.0,0.0,0.0,0.0,,2024-04-07 13:00:00
70,,PL-UA,B15-------,14:00-15:00,0.0,0.0,0.0,0.0,,2024-04-07 14:00:00
71,,PL-UA,B24-------,23:00-24:00,69.0,5.0,5.0,0.0,,2024-04-07 23:00:00
72,,PL-UA,B08-------,07:00-08:00,69.0,5.0,5.0,0.0,,2024-04-08 07:00:00
73,,PL-UA,B09-------,08:00-09:00,0.0,0.0,0.0,0.0,,2024-04-08 08:00:00
74,,PL-UA,B10-------,09:00-10:00,0.0,0.0,0.0,0.0,,2024-04-08 09:00:00
75,,PL-UA,B11-------,10:00-11:00,0.0,0.0,0.0,0.0,,2024-04-08 10:00:00
76,,PL-UA,B12-------,11:00-12:00,0.0,0.0,0.0,0.0,,2024-04-08 11:00:00
77,,PL-UA,B13-------,12:00-13:00,0.0,0.0,0.0,0.0,,2024-04-08 12:00:00
78,,PL-UA,B14-------,13:00-14:00,0.0,0.0,0.0,0.0,,2024-04-08 13:00:00
79,,PL-UA,B15-------,14:00-15:00,0.0,0.0,0.0,0.0,,2024-04-08 14:00:00
80,,PL-UA,B01-------,00:00-01:00,32.0,5.0,5.0,0.0,,2024-04-08 00:00:00
81,,PL-UA,B02-------,01:00-02:00,0.0,0.0,0.0,0.0,,2024-04-08 01:00:00
82,,PL-UA,B03-------,02:00-03:00,0.0,0.0,0.0,0.0,,2024-04-08 02:00:00
83,,PL-UA,B04-------,03:00-04:00,32.0,5.0,5.0,0.0,,2024-04-08 03:00:00
84,,PL-UA,B05-------,04:00-05:00,69.0,5.0,5.0,0.0,,2024-04-08 04:00:00
85,,PL-UA,B06-------,05:00-06:00,69.0,5.0,5.0,0.0,,2024-04-08 05:00:00
86,,PL-UA,B07-------,06:00-07:00,69.0,5.0,5.0,0.0,,2024-04-08 06:00:00
87,,PL-UA,B16-------,15:00-16:00,0.0,0.0,0.0,0.0,,2024-04-08 15:00:00
88,,PL-UA,B17-------,16:00-17:00,50.0,55.0,50.0,0.01,,2024-04-08 16:00:00
89,,PL-UA,B18-------,17:00-18:00,141.0,146.0,141.0,0.01,,2024-04-08 17:00:00
90,,PL-UA,B19-------,18:00-19:00,228.0,233.0,228.0,0.01,,2024-04-08 18:00:00
91,,PL-UA,B20-------,19:00-20:00,246.0,251.0,246.0,0.01,,2024-04-08 19:00:00
92,,PL-UA,B21-------,20:00-21:00,210.0,215.0,210.0,0.01,,2024-04-08 20:00:00
93,,PL-UA,B22-------,21:00-22:00,123.0,128.0,123.0,0.01,,2024-04-08 21:00:00
94,,PL-UA,B23-------,22:00-23:00,141.0,5.0,5.0,0.0,,2024-04-08 22:00:00
95,,PL-UA,B24-------,23:00-24:00,69.0,5.0,5.0,0.0,,2024-04-08 23:00:00
96,,PL-UA,B01-------,00:00-01:00,32.0,5.0,5.0,0.0,,2024-04-09 00:00:00
97,,PL-UA,B02-------,01:00-02:00,0.0,0.0,0.0,0.0,,2024-04-09 01:00:00
98,,PL-UA,B03-------,02:00-03:00,0.0,0.0,0.0,0.0,,2024-04-09 02:00:00
99,,PL-UA,B04-------,03:00-04:00,32.0,5.0,5.0,0.0,,2024-04-09 03:00:00
100,,PL-UA,B05-------,04:00-05:00,69.0,5.0,5.0,0.0,,2024-04-09 04:00:00
101,,PL-UA,B06-------,05:00-06:00,69.0,5.0,5.0,0.0,,2024-04-09 05:00:00
102,,PL-UA,B07-------,06:00-07:00,69.0,5.0,5.0,0.0,,2024-04-09 06:00:00
103,,PL-UA,B08-------,07:00-08:00,69.0,5.0,5.0,0.0,,2024-04-09 07:00:00
104,,PL-UA,B09-------,08:00-09:00,0.0,0.0,0.0,0.0,,2024-04-09 08:00:00
105,,PL-UA,B10-------,09:00-10:00,0.0,0.0,0.0,0.0,,2024-04-09 09:00:00
106,,PL-UA,B11-------,10:00-11:00,0.0,0.0,0.0,0.0,,2024-04-09 10:00:00
107,,PL-UA,B12-------,11:00-12:00,0.0,0.0,0.0,0.0,,2024-04-09 11:00:00
108,,PL-UA,B13-------,12:00-13:00,0.0,0.0,0.0,0.0,,2024-04-09 12:00:00
109,,PL-UA,B14-------,13:00-14:00,0.0,0.0,0.0,0.0,,2024-04-09 13:00:00
110,,PL-UA,B15-------,14:00-15:00,0.0,0.0,0.0,0.0,,2024-04-09 14:00:00
111,,PL-UA,B16-------,15:00-16:00,0.0,0.0,0.0,0.0,,2024-04-09 15:00:00
112,,PL-UA,B17-------,16:00-17:00,50.0,55.0,50.0,0.01,,2024-04-09 16:00:00
113,,PL-UA,B18-------,17:00-18:00,141.0,146.0,141.0,0.01,,2024-04-09 17:00:00
114,,PL-UA,B19-------,18:00-19:00,0.0,0.0,0.0,0.0,,2024-04-09 18:00:00
115,,PL-UA,B20-------,19:00-20:00,0.0,0.0,0.0,0.0,,2024-04-09 19:00:00
116,,PL-UA,B21-------,20:00-21:00,0.0,0.0,0.0,0.0,,2024-04-09 20:00:00
117,,PL-UA,B22-------,21:00-22:00,0.0,0.0,0.0,0.0,,2024-04-09 21:00:00
118,,PL-UA,B23-------,22:00-23:00,141.0,146.0,141.0,0.01,,2024-04-09 22:00:00
119,,PL-UA,B24-------,23:00-24:00,69.0,5.0,5.0,0.0,,2024-04-09 23:00:00
120,,PL-UA,B24-------,23:00-24:00,69.0,5.0,5.0,0.0,,2024-04-10 23:00:00
121,,PL-UA,B23-------,22:00-23:00,141.0,5.0,5.0,0.0,,2024-04-10 22:00:00
122,,PL-UA,B22-------,21:00-22:00,123.0,128.0,123.0,0.01,,2024-04-10 21:00:00
123,,PL-UA,B21-------,20:00-21:00,210.0,215.0,210.0,0.01,,2024-04-10 20:00:00
124,,PL-UA,B20-------,19:00-20:00,246.0,251.0,246.0,0.01,,2024-04-10 19:00:00
125,,PL-UA,B19-------,18:00-19:00,228.0,233.0,228.0,0.01,,2024-04-10 18:00:00
126,,PL-UA,B18-------,17:00-18:00,141.0,146.0,141.0,0.01,,2024-04-10 17:00:00
127,,PL-UA,B17-------,16:00-17:00,50.0,55.0,50.0,0.01,,2024-04-10 16:00:00
128,,PL-UA,B16-------,15:00-16:00,0.0,0.0,0.0,0.0,,2024-04-10 15:00:00
129,,PL-UA,B15-------,14:00-15:00,0.0,0.0,0.0,0.0,,2024-04-10 14:00:00
130,,PL-UA,B14-------,13:00-14:00,0.0,0.0,0.0,0.0,,2024-04-10 13:00:00
131,,PL-UA,B13-------,12:00-13:00,0.0,0.0,0.0,0.0,,2024-04-10 12:00:00
132,,PL-UA,B12-------,11:00-12:00,0.0,0.0,0.0,0.0,,2024-04-10 11:00:00
133,,PL-UA,B11-------,10:00-11:00,0.0,0.0,0.0,0.0,,2024-04-10 10:00:00
134,,PL-UA,B10-------,09:00-10:00,0.0,0.0,0.0,0.0,,2024-04-10 09:00:00
135,,PL-UA,B09-------,08:00-09:00,0.0,0.0,0.0,0.0,,2024-04-10 08:00:00
136,,PL-UA,B08-------,07:00-08:00,69.0,5.0,5.0,0.0,,2024-04-10 07:00:00
137,,PL-UA,B07-------,06:00-07:00,69.0,5.0,5.0,0.0,,2024-04-10 06:00:00
138,,PL-UA,B06-------,05:00-06:00,69.0,5.0,5.0,0.0,,2024-04-10 05:00:00
139,,PL-UA,B05-------,04:00-05:00,69.0,5.0,5.0,0.0,,2024-04-10 04:00:00
140,,PL-UA,B04-------,03:00-04:00,32.0,5.0,5.0,0.0,,2024-04-10 03:00:00
141,,PL-UA,B03-------,02:00-03:00,0.0,0.0,0.0,0.0,,2024-04-10 02:00:00
142,,PL-UA,B02-------,01:00-02:00,0.0,0.0,0.0,0.0,,2024-04-10 01:00:00
143,,PL-UA,B01-------,00:00-01:00,32.0,5.0,5.0,0.0,,2024-04-10 00:00:00
144,,PL-UA,B11-------,10:00-11:00,0.0,0.0,0.0,0.0,,2024-04-11 10:00:00
145,,PL-UA,B12-------,11:00-12:00,0.0,0.0,0.0,0.0,,2024-04-11 11:00:00
146,,PL-UA,B13-------,12:00-13:00,0.0,0.0,0.0,0.0,,2024-04-11 12:00:00
147,,PL-UA,B14-------,13:00-14:00,0.0,0.0,0.0,0.0,,2024-04-11 13:00:00
148,,PL-UA,B15-------,14:00-15:00,0.0,0.0,0.0,0.0,,2024-04-11 14:00:00
149,,PL-UA,B16-------,15:00-16:00,0.0,0.0,0.0,0.0,,2024-04-11 15:00:00
150,,PL-UA,B17-------,16:00-17:00,50.0,55.0,50.0,0.01,,2024-04-11 16:00:00
151,,PL-UA,B18-------,17:00-18:00,141.0,146.0,141.0,0.01,,2024-04-11 17:00:00
152,,PL-UA,B19-------,18:00-19:00,228.0,233.0,228.0,0.01,,2024-04-11 18:00:00
153,,PL-UA,B20-------,19:00-20:00,0.0,0.0,0.0,0.0,,2024-04-11 19:00:00
154,,PL-UA,B21-------,20:00-21:00,0.0,0.0,0.0,0.0,,2024-04-11 20:00:00
155,,PL-UA,B22-------,21:00-22:00,123.0,128.0,123.0,0.01,,2024-04-11 21:00:00
156,,PL-UA,B23-------,22:00-23:00,141.0,5.0,5.0,0.0,,2024-04-11 22:00:00
157,,PL-UA,B24-------,23:00-24:00,69.0,5.0,5.0,0.0,,2024-04-11 23:00:00
158,,PL-UA,B01-------,00:00-01:00,32.0,5.0,5.0,0.0,,2024-04-11 00:00:00
159,,PL-UA,B02-------,01:00-02:00,0.0,0.0,0.0,0.0,,2024-04-11 01:00:00
160,,PL-UA,B03-------,02:00-03:00,0.0,0.0,0.0,0.0,,2024-04-11 02:00:00
161,,PL-UA,B04-------,03:00-04:00,32.0,5.0,5.0,0.0,,2024-04-11 03:00:00
162,,PL-UA,B05-------,04:00-05:00,69.0,5.0,5.0,0.0,,2024-04-11 04:00:00
163,,PL-UA,B06-------,05:00-06:00,69.0,5.0,5.0,0.0,,2024-04-11 05:00:00
164,,PL-UA,B07-------,06:00-07:00,69.0,5.0,5.0,0.0,,2024-04-11 06:00:00
165,,PL-UA,B08-------,07:00-08:00,69.0,5.0,5.0,0.0,,2024-04-11 07:00:00
166,,PL-UA,B09-------,08:00-09:00,0.0,0.0,0.0,0.0,,2024-04-11 08:00:00
167,,PL-UA,B10-------,09:00-10:00,0.0,0.0,0.0,0.0,,2024-04-11 09:00:00
168,,PL-UA,B01-------,00:00-01:00,32.0,37.0,32.0,0.02,,2024-04-12 00:00:00
169,,PL-UA,B02-------,01:00-02:00,0.0,0.0,0.0,0.0,,2024-04-12 01:00:00
170,,PL-UA,B03-------,02:00-03:00,0.0,0.0,0.0,0.0,,2024-04-12 02:00:00
171,,PL-UA,B04-------,03:00-04:00,0.0,0.0,0.0,0.0,,2024-04-12 03:00:00
172,,PL-UA,B05-------,04:00-05:00,0.0,0.0,0.0,0.0,,2024-04-12 04:00:00
173,,PL-UA,B06-------,05:00-06:00,0.0,0.0,0.0,0.0,,2024-04-12 05:00:00
174,,PL-UA,B07-------,06:00-07:00,0.0,0.0,0.0,0.0,,2024-04-12 06:00:00
175,,PL-UA,B08-------,07:00-08:00,0.0,0.0,0.0,0.0,,2024-04-12 07:00:00
176,,PL-UA,B09-------,08:00-09:00,0.0,0.0,0.0,0.0,,2024-04-12 08:00:00
177,,PL-UA,B10-------,09:00-10:00,0.0,0.0,0.0,0.0,,2024-04-12 09:00:00
178,,PL-UA,B11-------,10:00-11:00,0.0,0.0,0.0,0.0,,2024-04-12 10:00:00
179,,PL-UA,B12-------,11:00-12:00,0.0,0.0,0.0,0.0,,2024-04-12 11:00:00
180,,PL-UA,B13-------,12:00-13:00,0.0,0.0,0.0,0.0,,2024-04-12 12:00:00
181,,PL-UA,B14-------,13:00-14:00,0.0,0.0,0.0,0.0,,2024-04-12 13:00:00
182,,PL-UA,B15-------,14:00-15:00,0.0,0.0,0.0,0.0,,2024-04-12 14:00:00
183,,PL-UA,B16-------,15:00-16:00,0.0,0.0,0.0,0.0,,2024-04-12 15:00:00
184,,PL-UA,B17-------,16:00-17:00,32.0,69.0,32.0,0.19,,2024-04-12 16:00:00
185,,PL-UA,B18-------,17:00-18:00,141.0,292.0,141.0,3.01,,2024-04-12 17:00:00
186,,PL-UA,B19-------,18:00-19:00,210.0,425.0,210.0,0.17,,2024-04-12 18:00:00
187,,PL-UA,B20-------,19:00-20:00,246.0,512.0,246.0,0.19,,2024-04-12 19:00:00
188,,PL-UA,B21-------,20:00-21:00,228.0,476.0,228.0,0.19,,2024-04-12 20:00:00
189,,PL-UA,B22-------,21:00-22:00,123.0,251.0,123.0,0.17,,2024-04-12 21:00:00
190,,PL-UA,B23-------,22:00-23:00,87.0,179.0,87.0,0.17,,2024-04-12 22:00:00
191,,PL-UA,B24-------,23:00-24:00,69.0,74.0,69.0,0.02,,2024-04-12 23:00:00
192,,PL-UA,B01-------,00:00-01:00,69.0,143.0,68.0,0.1,,2024-04-13 00:00:00
193,,PL-UA,B02-------,01:00-02:00,69.0,143.0,68.0,0.1,,2024-04-13 01:00:00
194,,PL-UA,B03-------,02:00-03:00,69.0,143.0,68.0,0.1,,2024-04-13 02:00:00
195,,PL-UA,B04-------,03:00-04:00,69.0,143.0,68.0,0.1,,2024-04-13 03:00:00
196,,PL-UA,B05-------,04:00-05:00,69.0,143.0,68.0,0.1,,2024-04-13 04:00:00
197,,PL-UA,B06-------,05:00-06:00,69.0,143.0,69.0,0.1,,2024-04-13 05:00:00
198,,PL-UA,B07-------,06:00-07:00,69.0,212.0,69.0,1.18,,2024-04-13 06:00:00
199,,PL-UA,B08-------,07:00-08:00,50.0,155.0,50.0,1.33,,2024-04-13 07:00:00
200,,PL-UA,B09-------,08:00-09:00,32.0,101.0,32.0,2.0,,2024-04-13 08:00:00
201,,PL-UA,B10-------,09:00-10:00,0.0,0.0,0.0,0.0,,2024-04-13 09:00:00
202,,PL-UA,B11-------,10:00-11:00,0.0,0.0,0.0,0.0,,2024-04-13 10:00:00
203,,PL-UA,B12-------,11:00-12:00,0.0,0.0,0.0,0.0,,2024-04-13 11:00:00
204,,PL-UA,B13-------,12:00-13:00,0.0,0.0,0.0,0.0,,2024-04-13 12:00:00
205,,PL-UA,B14-------,13:00-14:00,0.0,0.0,0.0,0.0,,2024-04-13 13:00:00
206,,PL-UA,B15-------,14:00-15:00,32.0,101.0,32.0,0.14,,2024-04-13 14:00:00
207,,PL-UA,B16-------,15:00-16:00,50.0,155.0,50.0,0.36,,2024-04-13 15:00:00
208,,PL-UA,B17-------,16:00-17:00,209.0,642.0,209.0,0.32,,2024-04-13 16:00:00
209,,PL-UA,B18-------,17:00-18:00,255.0,780.0,255.0,3.75,,2024-04-13 17:00:00
210,,PL-UA,B19-------,18:00-19:00,255.0,780.0,255.0,3.75,,2024-04-13 18:00:00
211,,PL-UA,B20-------,19:00-20:00,145.0,440.0,145.0,3.75,,2024-04-13 19:00:00
212,,PL-UA,B21-------,20:00-21:00,0.0,0.0,0.0,0.0,,2024-04-13 20:00:00
213,,PL-UA,B22-------,21:00-22:00,255.0,770.0,255.0,0.19,,2024-04-13 21:00:00
214,,PL-UA,B23-------,22:00-23:00,255.0,770.0,255.0,0.14,,2024-04-13 22:00:00
215,,PL-UA,B24-------,23:00-24:00,55.0,115.0,54.0,0.1,,2024-04-13 23:00:00
216,,PL-UA,B05-------,04:00-05:00,119.0,238.0,119.0,0.1,,2024-04-14 04:00:00
217,,PL-UA,B06-------,05:00-06:00,155.0,310.0,155.0,0.1,,2024-04-14 05:00:00
218,,PL-UA,B07-------,06:00-07:00,210.0,420.0,209.0,0.1,,2024-04-14 06:00:00
219,,PL-UA,B08-------,07:00-08:00,191.0,382.0,190.0,0.1,,2024-04-14 07:00:00
220,,PL-UA,B09-------,08:00-09:00,155.0,310.0,155.0,0.1,,2024-04-14 08:00:00
221,,PL-UA,B10-------,09:00-10:00,119.0,238.0,119.0,0.1,,2024-04-14 09:00:00
222,,PL-UA,B11-------,10:00-11:00,82.0,164.0,82.0,0.17,,2024-04-14 10:00:00
223,,PL-UA,B12-------,11:00-12:00,82.0,164.0,82.0,0.17,,2024-04-14 11:00:00
224,,PL-UA,B13-------,12:00-13:00,82.0,164.0,82.0,0.17,,2024-04-14 12:00:00
225,,PL-UA,B14-------,13:00-14:00,82.0,164.0,82.0,0.17,,2024-04-14 13:00:00
226,,PL-UA,B15-------,14:00-15:00,82.0,164.0,82.0,0.17,,2024-04-14 14:00:00
227,,PL-UA,B16-------,15:00-16:00,119.0,238.0,119.0,0.14,,2024-04-14 15:00:00
228,,PL-UA,B17-------,16:00-17:00,191.0,382.0,191.0,1.06,,2024-04-14 16:00:00
229,,PL-UA,B18-------,17:00-18:00,228.0,456.0,228.0,1.0,,2024-04-14 17:00:00
230,,PL-UA,B19-------,18:00-19:00,0.0,0.0,0.0,0.0,,2024-04-14 18:00:00
231,,PL-UA,B20-------,19:00-20:00,0.0,0.0,0.0,0.0,,2024-04-14 19:00:00
232,,PL-UA,B01-------,00:00-01:00,46.0,92.0,46.0,0.1,,2024-04-14 00:00:00
233,,PL-UA,B02-------,01:00-02:00,46.0,92.0,46.0,0.1,,2024-04-14 01:00:00
234,,PL-UA,B03-------,02:00-03:00,46.0,92.0,46.0,0.1,,2024-04-14 02:00:00
235,,PL-UA,B04-------,03:00-04:00,46.0,92.0,46.0,0.1,,2024-04-14 03:00:00
236,,PL-UA,B21-------,20:00-21:00,0.0,0.0,0.0,0.0,,2024-04-14 20:00:00
237,,PL-UA,B22-------,21:00-22:00,0.0,0.0,0.0,0.0,,2024-04-14 21:00:00
238,,PL-UA,B23-------,22:00-23:00,137.0,137.0,137.0,0.0,,2024-04-14 22:00:00
239,,PL-UA,B24-------,23:00-24:00,82.0,82.0,82.0,0.0,,2024-04-14 23:00:00
240,,PL-UA,B01-------,00:00-01:00,82.0,87.0,82.0,0.01,,2024-04-15 00:00:00
241,,PL-UA,B02-------,01:00-02:00,82.0,87.0,82.0,0.01,,2024-04-15 01:00:00
242,,PL-UA,B03-------,02:00-03:00,82.0,87.0,82.0,0.01,,2024-04-15 02:00:00
243,,PL-UA,B04-------,03:00-04:00,82.0,87.0,82.0,0.01,,2024-04-15 03:00:00
244,,PL-UA,B05-------,04:00-05:00,119.0,124.0,119.0,0.01,,2024-04-15 04:00:00
245,,PL-UA,B06-------,05:00-06:00,155.0,160.0,155.0,0.01,,2024-04-15 05:00:00
246,,PL-UA,B07-------,06:00-07:00,210.0,425.0,210.0,0.1,,2024-04-15 06:00:00
247,,PL-UA,B08-------,07:00-08:00,191.0,387.0,191.0,0.1,,2024-04-15 07:00:00
248,,PL-UA,B09-------,08:00-09:00,155.0,315.0,155.0,0.1,,2024-04-15 08:00:00
249,,PL-UA,B10-------,09:00-10:00,119.0,243.0,119.0,0.1,,2024-04-15 09:00:00
250,,PL-UA,B11-------,10:00-11:00,82.0,169.0,81.0,0.1,,2024-04-15 10:00:00
251,,PL-UA,B12-------,11:00-12:00,82.0,169.0,81.0,0.1,,2024-04-15 11:00:00
252,,PL-UA,B13-------,12:00-13:00,82.0,169.0,81.0,0.1,,2024-04-15 12:00:00
253,,PL-UA,B14-------,13:00-14:00,82.0,169.0,81.0,0.1,,2024-04-15 13:00:00
254,,PL-UA,B15-------,14:00-15:00,82.0,169.0,81.0,0.1,,2024-04-15 14:00:00
255,,PL-UA,B16-------,15:00-16:00,119.0,243.0,119.0,0.1,,2024-04-15 15:00:00
256,,PL-UA,B17-------,16:00-17:00,191.0,387.0,191.0,0.1,,2024-04-15 16:00:00
257,,PL-UA,B18-------,17:00-18:00,228.0,461.0,228.0,0.1,,2024-04-15 17:00:00
258,,PL-UA,B19-------,18:00-19:00,255.0,515.0,255.0,0.1,,2024-04-15 18:00:00
259,,PL-UA,B20-------,19:00-20:00,0.0,0.0,0.0,0.0,,2024-04-15 19:00:00
260,,PL-UA,B21-------,20:00-21:00,0.0,0.0,0.0,0.0,,2024-04-15 20:00:00
261,,PL-UA,B22-------,21:00-22:00,0.0,0.0,0.0,0.0,,2024-04-15 21:00:00
262,,PL-UA,B23-------,22:00-23:00,137.0,5.0,5.0,0.0,,2024-04-15 22:00:00
263,,PL-UA,B24-------,23:00-24:00,82.0,5.0,5.0,0.0,,2024-04-15 23:00:00
264,,PL-UA,B05-------,04:00-05:00,119.0,119.0,119.0,0.0,,2024-04-16 04:00:00
265,,PL-UA,B06-------,05:00-06:00,155.0,155.0,155.0,0.0,,2024-04-16 05:00:00
266,,PL-UA,B19-------,18:00-19:00,255.0,510.0,255.0,0.4,,2024-04-16 18:00:00
267,,PL-UA,B20-------,19:00-20:00,0.0,0.0,0.0,0.0,,2024-04-16 19:00:00
268,,PL-UA,B21-------,20:00-21:00,0.0,0.0,0.0,0.0,,2024-04-16 20:00:00
269,,PL-UA,B22-------,21:00-22:00,0.0,0.0,0.0,0.0,,2024-04-16 21:00:00
270,,PL-UA,B23-------,22:00-23:00,137.0,137.0,137.0,0.0,,2024-04-16 22:00:00
271,,PL-UA,B24-------,23:00-24:00,82.0,82.0,82.0,0.0,,2024-04-16 23:00:00
272,,PL-UA,B18-------,17:00-18:00,228.0,456.0,228.0,0.4,,2024-04-16 17:00:00
273,,PL-UA,B17-------,16:00-17:00,191.0,191.0,191.0,0.0,,2024-04-16 16:00:00
274,,PL-UA,B16-------,15:00-16:00,119.0,119.0,119.0,0.0,,2024-04-16 15:00:00
275,,PL-UA,B15-------,14:00-15:00,82.0,82.0,82.0,0.0,,2024-04-16 14:00:00
276,,PL-UA,B08-------,07:00-08:00,191.0,382.0,191.0,0.4,,2024-04-16 07:00:00
277,,PL-UA,B07-------,06:00-07:00,210.0,420.0,210.0,0.4,,2024-04-16 06:00:00
278,,PL-UA,B01-------,00:00-01:00,82.0,82.0,82.0,0.0,,2024-04-16 00:00:00
279,,PL-UA,B02-------,01:00-02:00,82.0,82.0,82.0,0.0,,2024-04-16 01:00:00
280,,PL-UA,B03-------,02:00-03:00,82.0,82.0,82.0,0.0,,2024-04-16 02:00:00
281,,PL-UA,B04-------,03:00-04:00,82.0,82.0,82.0,0.0,,2024-04-16 03:00:00
282,,PL-UA,B09-------,08:00-09:00,155.0,310.0,155.0,0.4,,2024-04-16 08:00:00
283,,PL-UA,B10-------,09:00-10:00,119.0,119.0,119.0,0.0,,2024-04-16 09:00:00
284,,PL-UA,B11-------,10:00-11:00,82.0,82.0,82.0,0.0,,2024-04-16 10:00:00
285,,PL-UA,B12-------,11:00-12:00,82.0,82.0,82.0,0.0,,2024-04-16 11:00:00
286,,PL-UA,B13-------,12:00-13:00,82.0,82.0,82.0,0.0,,2024-04-16 12:00:00
287,,PL-UA,B14-------,13:00-14:00,82.0,82.0,82.0,0.0,,2024-04-16 13:00:00
288,,PL-UA,B09-------,08:00-09:00,155.0,160.0,155.0,0.01,,2024-04-17 08:00:00
289,,PL-UA,B10-------,09:00-10:00,119.0,124.0,119.0,0.01,,2024-04-17 09:00:00
290,,PL-UA,B11-------,10:00-11:00,82.0,87.0,82.0,0.05,,2024-04-17 10:00:00
291,,PL-UA,B21-------,20:00-21:00,0.0,0.0,0.0,0.0,,2024-04-17 20:00:00
292,,PL-UA,B22-------,21:00-22:00,20.0,5.0,5.0,0.0,,2024-04-17 21:00:00
293,,PL-UA,B23-------,22:00-23:00,137.0,0.0,0.0,0.0,,2024-04-17 22:00:00
294,,PL-UA,B24-------,23:00-24:00,82.0,0.0,0.0,0.0,,2024-04-17 23:00:00
295,,PL-UA,B01-------,00:00-01:00,82.0,0.0,0.0,0.0,,2024-04-17 00:00:00
296,,PL-UA,B02-------,01:00-02:00,82.0,0.0,0.0,0.0,,2024-04-17 01:00:00
297,,PL-UA,B03-------,02:00-03:00,82.0,0.0,0.0,0.0,,2024-04-17 02:00:00
298,,PL-UA,B04-------,03:00-04:00,82.0,0.0,0.0,0.0,,2024-04-17 03:00:00
299,,PL-UA,B05-------,04:00-05:00,119.0,0.0,0.0,0.0,,2024-04-17 04:00:00
300,,PL-UA,B06-------,05:00-06:00,155.0,0.0,0.0,0.0,,2024-04-17 05:00:00
301,,PL-UA,B07-------,06:00-07:00,210.0,215.0,210.0,0.01,,2024-04-17 06:00:00
302,,PL-UA,B08-------,07:00-08:00,191.0,196.0,191.0,0.01,,2024-04-17 07:00:00
303,,PL-UA,B12-------,11:00-12:00,82.0,87.0,82.0,0.05,,2024-04-17 11:00:00
304,,PL-UA,B13-------,12:00-13:00,82.0,87.0,82.0,0.05,,2024-04-17 12:00:00
305,,PL-UA,B14-------,13:00-14:00,82.0,87.0,82.0,0.05,,2024-04-17 13:00:00
306,,PL-UA,B15-------,14:00-15:00,82.0,87.0,82.0,0.05,,2024-04-17 14:00:00
307,,PL-UA,B16-------,15:00-16:00,119.0,124.0,119.0,0.05,,2024-04-17 15:00:00
308,,PL-UA,B17-------,16:00-17:00,191.0,211.0,191.0,0.05,,2024-04-17 16:00:00
309,,PL-UA,B18-------,17:00-18:00,228.0,248.0,228.0,0.05,,2024-04-17 17:00:00
310,,PL-UA,B19-------,18:00-19:00,255.0,260.0,255.0,0.05,,2024-04-17 18:00:00
311,,PL-UA,B20-------,19:00-20:00,0.0,0.0,0.0,0.0,,2024-04-17 19:00:00
312,,PL-UA,B24-------,23:00-24:00,82.0,87.0,82.0,0.02,,2024-04-18 23:00:00
313,,PL-UA,B01-------,00:00-01:00,82.0,87.0,82.0,0.02,,2024-04-18 00:00:00
314,,PL-UA,B02-------,01:00-02:00,82.0,87.0,82.0,0.02,,2024-04-18 01:00:00
315,,PL-UA,B03-------,02:00-03:00,82.0,87.0,82.0,0.02,,2024-04-18 02:00:00
316,,PL-UA,B04-------,03:00-04:00,82.0,87.0,82.0,0.02,,2024-04-18 03:00:00
317,,PL-UA,B05-------,04:00-05:00,119.0,124.0,119.0,0.02,,2024-04-18 04:00:00
318,,PL-UA,B06-------,05:00-06:00,155.0,160.0,155.0,0.02,,2024-04-18 05:00:00
319,,PL-UA,B07-------,06:00-07:00,210.0,215.0,210.0,0.02,,2024-04-18 06:00:00
320,,PL-UA,B08-------,07:00-08:00,191.0,196.0,191.0,0.08,,2024-04-18 07:00:00
321,,PL-UA,B09-------,08:00-09:00,155.0,160.0,155.0,0.02,,2024-04-18 08:00:00
322,,PL-UA,B10-------,09:00-10:00,119.0,124.0,119.0,0.22,,2024-04-18 09:00:00
323,,PL-UA,B11-------,10:00-11:00,82.0,87.0,82.0,0.02,,2024-04-18 10:00:00
324,,PL-UA,B20-------,19:00-20:00,0.0,0.0,0.0,0.0,,2024-04-18 19:00:00
325,,PL-UA,B19-------,18:00-19:00,0.0,0.0,0.0,0.0,,2024-04-18 18:00:00
326,,PL-UA,B18-------,17:00-18:00,228.0,486.0,228.0,2.0,,2024-04-18 17:00:00
327,,PL-UA,B17-------,16:00-17:00,191.0,412.0,191.0,2.0,,2024-04-18 16:00:00
328,,PL-UA,B16-------,15:00-16:00,119.0,124.0,119.0,0.25,,2024-04-18 15:00:00
329,,PL-UA,B15-------,14:00-15:00,82.0,87.0,82.0,0.02,,2024-04-18 14:00:00
330,,PL-UA,B14-------,13:00-14:00,82.0,87.0,82.0,0.02,,2024-04-18 13:00:00
331,,PL-UA,B13-------,12:00-13:00,82.0,87.0,82.0,0.02,,2024-04-18 12:00:00
332,,PL-UA,B12-------,11:00-12:00,82.0,87.0,82.0,0.02,,2024-04-18 11:00:00
333,,PL-UA,B21-------,20:00-21:00,0.0,0.0,0.0,0.0,,2024-04-18 20:00:00
334,,PL-UA,B22-------,21:00-22:00,37.0,42.0,37.0,0.68,,2024-04-18 21:00:00
335,,PL-UA,B23-------,22:00-23:00,137.0,142.0,137.0,0.02,,2024-04-18 22:00:00
336,,PL-UA,B24-------,23:00-24:00,28.0,29.0,28.0,0.02,,2024-04-19 23:00:00
337,,PL-UA,B23-------,22:00-23:00,173.0,174.0,173.0,0.02,,2024-04-19 22:00:00
338,,PL-UA,B22-------,21:00-22:00,255.0,546.0,255.0,1.2,,2024-04-19 21:00:00
339,,PL-UA,B21-------,20:00-21:00,255.0,546.0,255.0,3.84,,2024-04-19 20:00:00
340,,PL-UA,B20-------,19:00-20:00,255.0,546.0,255.0,4.42,,2024-04-19 19:00:00
341,,PL-UA,B19-------,18:00-19:00,255.0,511.0,255.0,0.14,,2024-04-19 18:00:00
342,,PL-UA,B18-------,17:00-18:00,255.0,511.0,255.0,0.14,,2024-04-19 17:00:00
343,,PL-UA,B01-------,00:00-01:00,210.0,211.0,210.0,0.02,,2024-04-19 00:00:00
344,,PL-UA,B02-------,01:00-02:00,210.0,211.0,210.0,0.02,,2024-04-19 01:00:00
345,,PL-UA,B03-------,02:00-03:00,210.0,211.0,210.0,0.02,,2024-04-19 02:00:00
346,,PL-UA,B04-------,03:00-04:00,210.0,211.0,210.0,0.02,,2024-04-19 03:00:00
347,,PL-UA,B05-------,04:00-05:00,210.0,211.0,210.0,0.02,,2024-04-19 04:00:00
348,,PL-UA,B06-------,05:00-06:00,210.0,211.0,210.0,0.02,,2024-04-19 05:00:00
349,,PL-UA,B07-------,06:00-07:00,173.0,347.0,173.0,1.57,,2024-04-19 06:00:00
350,,PL-UA,B08-------,07:00-08:00,155.0,311.0,155.0,3.0,,2024-04-19 07:00:00
351,,PL-UA,B09-------,08:00-09:00,137.0,275.0,137.0,0.92,,2024-04-19 08:00:00
352,,PL-UA,B10-------,09:00-10:00,119.0,239.0,119.0,1.04,,2024-04-19 09:00:00
353,,PL-UA,B11-------,10:00-11:00,119.0,239.0,119.0,0.14,,2024-04-19 10:00:00
354,,PL-UA,B12-------,11:00-12:00,119.0,239.0,119.0,0.14,,2024-04-19 11:00:00
355,,PL-UA,B13-------,12:00-13:00,119.0,239.0,119.0,0.14,,2024-04-19 12:00:00
356,,PL-UA,B14-------,13:00-14:00,119.0,239.0,119.0,0.14,,2024-04-19 13:00:00
357,,PL-UA,B15-------,14:00-15:00,155.0,311.0,155.0,0.14,,2024-04-19 14:00:00
358,,PL-UA,B16-------,15:00-16:00,155.0,311.0,155.0,1.73,,2024-04-19 15:00:00
359,,PL-UA,B17-------,16:00-17:00,255.0,511.0,255.0,1.64,,2024-04-19 16:00:00
360,,PL-UA,B10-------,09:00-10:00,155.0,310.0,155.0,0.14,,2024-04-20 09:00:00
361,,PL-UA,B11-------,10:00-11:00,155.0,310.0,155.0,0.14,,2024-04-20 10:00:00
362,,PL-UA,B12-------,11:00-12:00,155.0,310.0,155.0,0.14,,2024-04-20 11:00:00
363,,PL-UA,B13-------,12:00-13:00,155.0,310.0,155.0,0.14,,2024-04-20 12:00:00
364,,PL-UA,B14-------,13:00-14:00,155.0,310.0,155.0,0.14,,2024-04-20 13:00:00
365,,PL-UA,B15-------,14:00-15:00,155.0,310.0,155.0,0.14,,2024-04-20 14:00:00
366,,PL-UA,B16-------,15:00-16:00,155.0,310.0,155.0,0.14,,2024-04-20 15:00:00
367,,PL-UA,B17-------,16:00-17:00,210.0,420.0,210.0,0.14,,2024-04-20 16:00:00
368,,PL-UA,B18-------,17:00-18:00,255.0,540.0,255.0,0.14,,2024-04-20 17:00:00
369,,PL-UA,B20-------,19:00-20:00,0.0,0.0,0.0,0.0,,2024-04-20 19:00:00
370,,PL-UA,B19-------,18:00-19:00,255.0,545.0,255.0,4.0,,2024-04-20 18:00:00
371,,PL-UA,B21-------,20:00-21:00,0.0,0.0,0.0,0.0,,2024-04-20 20:00:00
372,,PL-UA,B22-------,21:00-22:00,138.0,311.0,138.0,1.98,,2024-04-20 21:00:00
373,,PL-UA,B23-------,22:00-23:00,173.0,173.0,173.0,0.0,,2024-04-20 22:00:00
374,,PL-UA,B24-------,23:00-24:00,173.0,173.0,173.0,0.0,,2024-04-20 23:00:00
375,,PL-UA,B01-------,00:00-01:00,173.0,173.0,173.0,0.0,,2024-04-20 00:00:00
376,,PL-UA,B02-------,01:00-02:00,173.0,173.0,173.0,0.0,,2024-04-20 01:00:00
377,,PL-UA,B03-------,02:00-03:00,173.0,173.0,173.0,0.0,,2024-04-20 02:00:00
378,,PL-UA,B04-------,03:00-04:00,173.0,173.0,173.0,0.0,,2024-04-20 03:00:00
379,,PL-UA,B05-------,04:00-05:00,173.0,173.0,173.0,0.0,,2024-04-20 04:00:00
380,,PL-UA,B06-------,05:00-06:00,173.0,173.0,173.0,0.0,,2024-04-20 05:00:00
381,,PL-UA,B07-------,06:00-07:00,173.0,173.0,173.0,0.0,,2024-04-20 06:00:00
382,,PL-UA,B08-------,07:00-08:00,173.0,346.0,173.0,0.14,,2024-04-20 07:00:00
383,,PL-UA,B09-------,08:00-09:00,173.0,346.0,173.0,0.14,,2024-04-20 08:00:00
384,,PL-UA,B23-------,22:00-23:00,255.0,0.0,0.0,0.0,,2024-04-21 22:00:00
385,,PL-UA,B24-------,23:00-24:00,247.0,0.0,0.0,0.0,,2024-04-21 23:00:00
386,,PL-UA,B01-------,00:00-01:00,164.0,0.0,0.0,0.0,,2024-04-21 00:00:00
387,,PL-UA,B02-------,01:00-02:00,164.0,0.0,0.0,0.0,,2024-04-21 01:00:00
388,,PL-UA,B03-------,02:00-03:00,164.0,0.0,0.0,0.0,,2024-04-21 02:00:00
389,,PL-UA,B04-------,03:00-04:00,200.0,0.0,0.0,0.0,,2024-04-21 03:00:00
390,,PL-UA,B05-------,04:00-05:00,247.0,0.0,0.0,0.0,,2024-04-21 04:00:00
391,,PL-UA,B06-------,05:00-06:00,255.0,0.0,0.0,0.0,,2024-04-21 05:00:00
392,,PL-UA,B07-------,06:00-07:00,255.0,255.0,255.0,0.0,,2024-04-21 06:00:00
393,,PL-UA,B08-------,07:00-08:00,255.0,260.0,255.0,0.01,,2024-04-21 07:00:00
394,,PL-UA,B09-------,08:00-09:00,255.0,260.0,255.0,0.01,,2024-04-21 08:00:00
395,,PL-UA,B10-------,09:00-10:00,255.0,260.0,255.0,0.01,,2024-04-21 09:00:00
396,,PL-UA,B11-------,10:00-11:00,255.0,255.0,255.0,0.0,,2024-04-21 10:00:00
397,,PL-UA,B12-------,11:00-12:00,255.0,255.0,255.0,0.0,,2024-04-21 11:00:00
398,,PL-UA,B13-------,12:00-13:00,255.0,255.0,255.0,0.0,,2024-04-21 12:00:00
399,,PL-UA,B14-------,13:00-14:00,255.0,255.0,255.0,0.0,,2024-04-21 13:00:00
400,,PL-UA,B15-------,14:00-15:00,255.0,255.0,255.0,0.0,,2024-04-21 14:00:00
401,,PL-UA,B16-------,15:00-16:00,255.0,260.0,255.0,0.01,,2024-04-21 15:00:00
402,,PL-UA,B17-------,16:00-17:00,255.0,260.0,255.0,0.01,,2024-04-21 16:00:00
403,,PL-UA,B18-------,17:00-18:00,255.0,260.0,255.0,0.01,,2024-04-21 17:00:00
404,,PL-UA,B19-------,18:00-19:00,0.0,0.0,0.0,0.0,,2024-04-21 18:00:00
405,,PL-UA,B20-------,19:00-20:00,0.0,0.0,0.0,0.0,,2024-04-21 19:00:00
406,,PL-UA,B21-------,20:00-21:00,0.0,0.0,0.0,0.0,,2024-04-21 20:00:00
407,,PL-UA,B22-------,21:00-22:00,0.0,0.0,0.0,0.0,,2024-04-21 21:00:00
408,,PL-UA,B24-------,23:00-24:00,247.0,0.0,0.0,0.0,,2024-04-22 23:00:00
409,,PL-UA,B23-------,22:00-23:00,255.0,0.0,0.0,0.0,,2024-04-22 22:00:00
410,,PL-UA,B22-------,21:00-22:00,0.0,0.0,0.0,0.0,,2024-04-22 21:00:00
411,,PL-UA,B21-------,20:00-21:00,0.0,0.0,0.0,0.0,,2024-04-22 20:00:00
412,,PL-UA,B20-------,19:00-20:00,0.0,0.0,0.0,0.0,,2024-04-22 19:00:00
413,,PL-UA,B19-------,18:00-19:00,0.0,0.0,0.0,0.0,,2024-04-22 18:00:00
414,,PL-UA,B18-------,17:00-18:00,255.0,260.0,255.0,0.01,,2024-04-22 17:00:00
415,,PL-UA,B17-------,16:00-17:00,255.0,260.0,255.0,0.01,,2024-04-22 16:00:00
416,,PL-UA,B16-------,15:00-16:00,255.0,255.0,255.0,0.0,,2024-04-22 15:00:00
417,,PL-UA,B15-------,14:00-15:00,255.0,255.0,255.0,0.0,,2024-04-22 14:00:00
418,,PL-UA,B14-------,13:00-14:00,255.0,255.0,255.0,0.0,,2024-04-22 13:00:00
419,,PL-UA,B13-------,12:00-13:00,255.0,255.0,255.0,0.0,,2024-04-22 12:00:00
420,,PL-UA,B01-------,00:00-01:00,247.0,0.0,0.0,0.0,,2024-04-22 00:00:00
421,,PL-UA,B02-------,01:00-02:00,247.0,0.0,0.0,0.0,,2024-04-22 01:00:00
422,,PL-UA,B03-------,02:00-03:00,247.0,0.0,0.0,0.0,,2024-04-22 02:00:00
423,,PL-UA,B04-------,03:00-04:00,247.0,0.0,0.0,0.0,,2024-04-22 03:00:00
424,,PL-UA,B05-------,04:00-05:00,247.0,0.0,0.0,0.0,,2024-04-22 04:00:00
425,,PL-UA,B06-------,05:00-06:00,255.0,0.0,0.0,0.0,,2024-04-22 05:00:00
426,,PL-UA,B07-------,06:00-07:00,255.0,260.0,255.0,0.01,,2024-04-22 06:00:00
427,,PL-UA,B08-------,07:00-08:00,255.0,260.0,255.0,0.01,,2024-04-22 07:00:00
428,,PL-UA,B09-------,08:00-09:00,255.0,260.0,255.0,0.01,,2024-04-22 08:00:00
429,,PL-UA,B10-------,09:00-10:00,255.0,260.0,255.0,0.01,,2024-04-22 09:00:00
430,,PL-UA,B11-------,10:00-11:00,255.0,255.0,255.0,0.0,,2024-04-22 10:00:00
431,,PL-UA,B12-------,11:00-12:00,255.0,255.0,255.0,0.0,,2024-04-22 11:00:00
432,,PL-UA,B01-------,00:00-01:00,247.0,200.0,200.0,0.0,,2024-04-23 00:00:00
433,,PL-UA,B02-------,01:00-02:00,247.0,200.0,200.0,0.0,,2024-04-23 01:00:00
434,,PL-UA,B03-------,02:00-03:00,247.0,200.0,200.0,0.0,,2024-04-23 02:00:00
435,,PL-UA,B04-------,03:00-04:00,247.0,200.0,200.0,0.0,,2024-04-23 03:00:00
436,,PL-UA,B05-------,04:00-05:00,247.0,200.0,200.0,0.0,,2024-04-23 04:00:00
437,,PL-UA,B06-------,05:00-06:00,255.0,200.0,200.0,0.0,,2024-04-23 05:00:00
438,,PL-UA,B07-------,06:00-07:00,255.0,205.0,205.0,0.0,,2024-04-23 06:00:00
439,,PL-UA,B08-------,07:00-08:00,255.0,205.0,205.0,0.0,,2024-04-23 07:00:00
440,,PL-UA,B09-------,08:00-09:00,255.0,205.0,205.0,0.0,,2024-04-23 08:00:00
441,,PL-UA,B10-------,09:00-10:00,255.0,200.0,200.0,0.0,,2024-04-23 09:00:00
442,,PL-UA,B11-------,10:00-11:00,255.0,200.0,200.0,0.0,,2024-04-23 10:00:00
443,,PL-UA,B12-------,11:00-12:00,255.0,200.0,200.0,0.0,,2024-04-23 11:00:00
444,,PL-UA,B13-------,12:00-13:00,255.0,200.0,200.0,0.0,,2024-04-23 12:00:00
445,,PL-UA,B14-------,13:00-14:00,255.0,200.0,200.0,0.0,,2024-04-23 13:00:00
446,,PL-UA,B15-------,14:00-15:00,255.0,200.0,200.0,0.0,,2024-04-23 14:00:00
447,,PL-UA,B16-------,15:00-16:00,255.0,455.0,255.0,2.0,,2024-04-23 15:00:00
448,,PL-UA,B17-------,16:00-17:00,255.0,460.0,255.0,2.0,,2024-04-23 16:00:00
449,,PL-UA,B18-------,17:00-18:00,255.0,485.0,255.0,2.0,,2024-04-23 17:00:00
450,,PL-UA,B19-------,18:00-19:00,255.0,485.0,255.0,2.02,,2024-04-23 18:00:00
451,,PL-UA,B20-------,19:00-20:00,255.0,485.0,255.0,2.02,,2024-04-23 19:00:00
452,,PL-UA,B21-------,20:00-21:00,255.0,485.0,255.0,2.02,,2024-04-23 20:00:00
453,,PL-UA,B22-------,21:00-22:00,255.0,485.0,255.0,2.02,,2024-04-23 21:00:00
454,,PL-UA,B23-------,22:00-23:00,255.0,200.0,200.0,0.0,,2024-04-23 22:00:00
455,,PL-UA,B24-------,23:00-24:00,247.0,200.0,200.0,0.0,,2024-04-23 23:00:00
456,,PL-UA,B01-------,00:00-01:00,247.0,0.0,0.0,0.0,,2024-04-24 00:00:00
457,,PL-UA,B02-------,01:00-02:00,247.0,0.0,0.0,0.0,,2024-04-24 01:00:00
458,,PL-UA,B19-------,18:00-19:00,0.0,0.0,0.0,0.0,,2024-04-24 18:00:00
459,,PL-UA,B20-------,19:00-20:00,0.0,0.0,0.0,0.0,,2024-04-24 19:00:00
460,,PL-UA,B21-------,20:00-21:00,0.0,0.0,0.0,0.0,,2024-04-24 20:00:00
461,,PL-UA,B22-------,21:00-22:00,0.0,0.0,0.0,0.0,,2024-04-24 21:00:00
462,,PL-UA,B23-------,22:00-23:00,255.0,0.0,0.0,0.0,,2024-04-24 22:00:00
463,,PL-UA,B24-------,23:00-24:00,247.0,0.0,0.0,0.0,,2024-04-24 23:00:00
464,,PL-UA,B03-------,02:00-03:00,247.0,0.0,0.0,0.0,,2024-04-24 02:00:00
465,,PL-UA,B04-------,03:00-04:00,247.0,0.0,0.0,0.0,,2024-04-24 03:00:00
466,,PL-UA,B05-------,04:00-05:00,247.0,0.0,0.0,0.0,,2024-04-24 04:00:00
467,,PL-UA,B06-------,05:00-06:00,255.0,0.0,0.0,0.0,,2024-04-24 05:00:00
468,,PL-UA,B07-------,06:00-07:00,255.0,0.0,0.0,0.0,,2024-04-24 06:00:00
469,,PL-UA,B08-------,07:00-08:00,0.0,0.0,0.0,0.0,,2024-04-24 07:00:00
470,,PL-UA,B09-------,08:00-09:00,255.0,0.0,0.0,0.0,,2024-04-24 08:00:00
471,,PL-UA,B10-------,09:00-10:00,255.0,0.0,0.0,0.0,,2024-04-24 09:00:00
472,,PL-UA,B11-------,10:00-11:00,255.0,0.0,0.0,0.0,,2024-04-24 10:00:00
473,,PL-UA,B12-------,11:00-12:00,255.0,0.0,0.0,0.0,,2024-04-24 11:00:00
474,,PL-UA,B13-------,12:00-13:00,255.0,0.0,0.0,0.0,,2024-04-24 12:00:00
475,,PL-UA,B14-------,13:00-14:00,255.0,0.0,0.0,0.0,,2024-04-24 13:00:00
476,,PL-UA,B15-------,14:00-15:00,255.0,0.0,0.0,0.0,,2024-04-24 14:00:00
477,,PL-UA,B16-------,15:00-16:00,255.0,0.0,0.0,0.0,,2024-04-24 15:00:00
478,,PL-UA,B17-------,16:00-17:00,255.0,275.0,255.0,0.06,,2024-04-24 16:00:00
479,,PL-UA,B18-------,17:00-18:00,255.0,275.0,255.0,1.0,,2024-04-24 17:00:00
480,,PL-UA,B03-------,02:00-03:00,247.0,0.0,0.0,0.0,,2024-04-25 02:00:00
481,,PL-UA,B02-------,01:00-02:00,247.0,0.0,0.0,0.0,,2024-04-25 01:00:00
482,,PL-UA,B01-------,00:00-01:00,247.0,0.0,0.0,0.0,,2024-04-25 00:00:00
483,,PL-UA,B24-------,23:00-24:00,247.0,0.0,0.0,0.0,,2024-04-25 23:00:00
484,,PL-UA,B23-------,22:00-23:00,255.0,0.0,0.0,0.0,,2024-04-25 22:00:00
485,,PL-UA,B22-------,21:00-22:00,0.0,0.0,0.0,0.0,,2024-04-25 21:00:00
486,,PL-UA,B21-------,20:00-21:00,0.0,0.0,0.0,0.0,,2024-04-25 20:00:00
487,,PL-UA,B20-------,19:00-20:00,0.0,0.0,0.0,0.0,,2024-04-25 19:00:00
488,,PL-UA,B19-------,18:00-19:00,0.0,0.0,0.0,0.0,,2024-04-25 18:00:00
489,,PL-UA,B18-------,17:00-18:00,255.0,315.0,255.0,0.5,,2024-04-25 17:00:00
490,,PL-UA,B17-------,16:00-17:00,255.0,315.0,255.0,0.5,,2024-04-25 16:00:00
491,,PL-UA,B16-------,15:00-16:00,255.0,0.0,0.0,0.0,,2024-04-25 15:00:00
492,,PL-UA,B15-------,14:00-15:00,255.0,0.0,0.0,0.0,,2024-04-25 14:00:00
493,,PL-UA,B14-------,13:00-14:00,255.0,0.0,0.0,0.0,,2024-04-25 13:00:00
494,,PL-UA,B13-------,12:00-13:00,255.0,0.0,0.0,0.0,,2024-04-25 12:00:00
495,,PL-UA,B12-------,11:00-12:00,255.0,0.0,0.0,0.0,,2024-04-25 11:00:00
496,,PL-UA,B11-------,10:00-11:00,255.0,0.0,0.0,0.0,,2024-04-25 10:00:00
497,,PL-UA,B10-------,09:00-10:00,255.0,255.0,255.0,0.0,,2024-04-25 09:00:00
498,,PL-UA,B09-------,08:00-09:00,255.0,255.0,255.0,0.0,,2024-04-25 08:00:00
499,,PL-UA,B08-------,07:00-08:00,255.0,255.0,255.0,0.0,,2024-04-25 07:00:00
500,,PL-UA,B07-------,06:00-07:00,5.0,5.0,5.0,0.0,,2024-04-25 06:00:00
501,,PL-UA,B06-------,05:00-06:00,255.0,0.0,0.0,0.0,,2024-04-25 05:00:00
502,,PL-UA,B05-------,04:00-05:00,247.0,0.0,0.0,0.0,,2024-04-25 04:00:00
503,,PL-UA,B04-------,03:00-04:00,247.0,0.0,0.0,0.0,,2024-04-25 03:00:00
504,,PL-UA,B24-------,23:00-24:00,37.0,37.0,37.0,0.0,,2024-04-26 23:00:00
505,,PL-UA,B01-------,00:00-01:00,73.0,73.0,73.0,0.0,,2024-04-26 00:00:00
506,,PL-UA,B02-------,01:00-02:00,55.0,55.0,55.0,0.0,,2024-04-26 01:00:00
507,,PL-UA,B03-------,02:00-03:00,55.0,55.0,55.0,0.0,,2024-04-26 02:00:00
508,,PL-UA,B04-------,03:00-04:00,55.0,55.0,55.0,0.0,,2024-04-26 03:00:00
509,,PL-UA,B05-------,04:00-05:00,55.0,55.0,55.0,0.0,,2024-04-26 04:00:00
510,,PL-UA,B06-------,05:00-06:00,55.0,55.0,55.0,0.0,,2024-04-26 05:00:00
511,,PL-UA,B07-------,06:00-07:00,0.0,0.0,0.0,0.0,,2024-04-26 06:00:00
512,,PL-UA,B08-------,07:00-08:00,0.0,0.0,0.0,0.0,,2024-04-26 07:00:00
513,,PL-UA,B09-------,08:00-09:00,0.0,0.0,0.0,0.0,,2024-04-26 08:00:00
514,,PL-UA,B10-------,09:00-10:00,0.0,0.0,0.0,0.0,,2024-04-26 09:00:00
515,,PL-UA,B11-------,10:00-11:00,0.0,0.0,0.0,0.0,,2024-04-26 10:00:00
516,,PL-UA,B12-------,11:00-12:00,0.0,0.0,0.0,0.0,,2024-04-26 11:00:00
517,,PL-UA,B13-------,12:00-13:00,0.0,0.0,0.0,0.0,,2024-04-26 12:00:00
518,,PL-UA,B14-------,13:00-14:00,0.0,0.0,0.0,0.0,,2024-04-26 13:00:00
519,,PL-UA,B15-------,14:00-15:00,0.0,0.0,0.0,0.0,,2024-04-26 14:00:00
520,,PL-UA,B16-------,15:00-16:00,0.0,0.0,0.0,0.0,,2024-04-26 15:00:00
521,,PL-UA,B17-------,16:00-17:00,37.0,74.0,37.0,0.17,,2024-04-26 16:00:00
522,,PL-UA,B18-------,17:00-18:00,120.0,240.0,120.0,6.04,,2024-04-26 17:00:00
523,,PL-UA,B19-------,18:00-19:00,229.0,503.0,229.0,7.23,,2024-04-26 18:00:00
524,,PL-UA,B20-------,19:00-20:00,255.0,555.0,255.0,6.7,,2024-04-26 19:00:00
525,,PL-UA,B21-------,20:00-21:00,229.0,503.0,229.0,6.01,,2024-04-26 20:00:00
526,,PL-UA,B22-------,21:00-22:00,156.0,312.0,156.0,6.0,,2024-04-26 21:00:00
527,,PL-UA,B23-------,22:00-23:00,65.0,65.0,65.0,0.0,,2024-04-26 22:00:00
528,,PL-UA,B01-------,00:00-01:00,37.0,37.0,37.0,0.0,,2024-04-27 00:00:00
529,,PL-UA,B02-------,01:00-02:00,19.0,19.0,19.0,0.0,,2024-04-27 01:00:00
530,,PL-UA,B03-------,02:00-03:00,19.0,19.0,19.0,0.0,,2024-04-27 02:00:00
531,,PL-UA,B04-------,03:00-04:00,19.0,19.0,19.0,0.0,,2024-04-27 03:00:00
532,,PL-UA,B05-------,04:00-05:00,19.0,19.0,19.0,0.0,,2024-04-27 04:00:00
533,,PL-UA,B06-------,05:00-06:00,0.0,0.0,0.0,0.0,,2024-04-27 05:00:00
534,,PL-UA,B07-------,06:00-07:00,0.0,0.0,0.0,0.0,,2024-04-27 06:00:00
535,,PL-UA,B08-------,07:00-08:00,0.0,0.0,0.0,0.0,,2024-04-27 07:00:00
536,,PL-UA,B09-------,08:00-09:00,0.0,0.0,0.0,0.0,,2024-04-27 08:00:00
537,,PL-UA,B10-------,09:00-10:00,0.0,0.0,0.0,0.0,,2024-04-27 09:00:00
538,,PL-UA,B11-------,10:00-11:00,0.0,0.0,0.0,0.0,,2024-04-27 10:00:00
539,,PL-UA,B12-------,11:00-12:00,0.0,0.0,0.0,0.0,,2024-04-27 11:00:00
540,,PL-UA,B13-------,12:00-13:00,0.0,0.0,0.0,0.0,,2024-04-27 12:00:00
541,,PL-UA,B14-------,13:00-14:00,0.0,0.0,0.0,0.0,,2024-04-27 13:00:00
542,,PL-UA,B15-------,14:00-15:00,0.0,0.0,0.0,0.0,,2024-04-27 14:00:00
543,,PL-UA,B16-------,15:00-16:00,0.0,0.0,0.0,0.0,,2024-04-27 15:00:00
544,,PL-UA,B17-------,16:00-17:00,19.0,29.0,19.0,0.07,,2024-04-27 16:00:00
545,,PL-UA,B18-------,17:00-18:00,82.0,189.0,82.0,6.0,,2024-04-27 17:00:00
546,,PL-UA,B19-------,18:00-19:00,192.0,424.0,192.0,7.02,,2024-04-27 18:00:00
547,,PL-UA,B20-------,19:00-20:00,210.0,460.0,210.0,8.0,,2024-04-27 19:00:00
548,,PL-UA,B21-------,20:00-21:00,192.0,424.0,192.0,8.0,,2024-04-27 20:00:00
549,,PL-UA,B22-------,21:00-22:00,156.0,342.0,156.0,5.0,,2024-04-27 21:00:00
550,,PL-UA,B23-------,22:00-23:00,82.0,82.0,82.0,0.0,,2024-04-27 22:00:00
551,,PL-UA,B24-------,23:00-24:00,46.0,46.0,46.0,0.0,,2024-04-27 23:00:00
552,,PL-UA,B24-------,23:00-24:00,50.0,50.0,50.0,0.0,,2024-04-28 23:00:00
553,,PL-UA,B23-------,22:00-23:00,69.0,69.0,69.0,0.0,,2024-04-28 22:00:00
554,,PL-UA,B22-------,21:00-22:00,141.0,317.0,141.0,18.25,,2024-04-28 21:00:00
555,,PL-UA,B21-------,20:00-21:00,227.0,494.0,227.0,12.96,,2024-04-28 20:00:00
556,,PL-UA,B20-------,19:00-20:00,255.0,550.0,255.0,15.0,,2024-04-28 19:00:00
557,,PL-UA,B19-------,18:00-19:00,227.0,494.0,227.0,17.41,,2024-04-28 18:00:00
558,,PL-UA,B18-------,17:00-18:00,178.0,396.0,178.0,20.0,,2024-04-28 17:00:00
559,,PL-UA,B17-------,16:00-17:00,69.0,84.0,69.0,1.92,,2024-04-28 16:00:00
560,,PL-UA,B16-------,15:00-16:00,0.0,0.0,0.0,0.0,,2024-04-28 15:00:00
561,,PL-UA,B15-------,14:00-15:00,0.0,0.0,0.0,0.0,,2024-04-28 14:00:00
562,,PL-UA,B14-------,13:00-14:00,0.0,0.0,0.0,0.0,,2024-04-28 13:00:00
563,,PL-UA,B01-------,00:00-01:00,32.0,32.0,32.0,0.0,,2024-04-28 00:00:00
564,,PL-UA,B02-------,01:00-02:00,32.0,32.0,32.0,0.0,,2024-04-28 01:00:00
565,,PL-UA,B03-------,02:00-03:00,32.0,32.0,32.0,0.0,,2024-04-28 02:00:00
566,,PL-UA,B04-------,03:00-04:00,32.0,32.0,32.0,0.0,,2024-04-28 03:00:00
567,,PL-UA,B05-------,04:00-05:00,87.0,87.0,87.0,0.0,,2024-04-28 04:00:00
568,,PL-UA,B06-------,05:00-06:00,178.0,178.0,178.0,0.0,,2024-04-28 05:00:00
569,,PL-UA,B07-------,06:00-07:00,178.0,203.0,178.0,0.13,,2024-04-28 06:00:00
570,,PL-UA,B08-------,07:00-08:00,50.0,65.0,50.0,0.07,,2024-04-28 07:00:00
571,,PL-UA,B09-------,08:00-09:00,0.0,0.0,0.0,0.0,,2024-04-28 08:00:00
572,,PL-UA,B10-------,09:00-10:00,0.0,0.0,0.0,0.0,,2024-04-28 09:00:00
573,,PL-UA,B11-------,10:00-11:00,0.0,0.0,0.0,0.0,,2024-04-28 10:00:00
574,,PL-UA,B12-------,11:00-12:00,0.0,0.0,0.0,0.0,,2024-04-28 11:00:00
575,,PL-UA,B13-------,12:00-13:00,0.0,0.0,0.0,0.0,,2024-04-28 12:00:00
576,,PL-UA,B24-------,23:00-24:00,141.0,141.0,141.0,0.0,,2024-04-29 23:00:00
577,,PL-UA,B23-------,22:00-23:00,214.0,214.0,214.0,0.0,,2024-04-29 22:00:00
578,,PL-UA,B01-------,00:00-01:00,123.0,123.0,123.0,0.0,,2024-04-29 00:00:00
579,,PL-UA,B02-------,01:00-02:00,123.0,123.0,123.0,0.0,,2024-04-29 01:00:00
580,,PL-UA,B03-------,02:00-03:00,123.0,123.0,123.0,0.0,,2024-04-29 02:00:00
581,,PL-UA,B04-------,03:00-04:00,123.0,123.0,123.0,0.0,,2024-04-29 03:00:00
582,,PL-UA,B05-------,04:00-05:00,123.0,123.0,123.0,0.0,,2024-04-29 04:00:00
583,,PL-UA,B06-------,05:00-06:00,196.0,196.0,196.0,0.0,,2024-04-29 05:00:00
584,,PL-UA,B07-------,06:00-07:00,196.0,226.0,196.0,0.67,,2024-04-29 06:00:00
585,,PL-UA,B08-------,07:00-08:00,141.0,171.0,141.0,0.07,,2024-04-29 07:00:00
586,,PL-UA,B09-------,08:00-09:00,55.0,70.0,55.0,0.19,,2024-04-29 08:00:00
587,,PL-UA,B10-------,09:00-10:00,0.0,0.0,0.0,0.0,,2024-04-29 09:00:00
588,,PL-UA,B11-------,10:00-11:00,0.0,0.0,0.0,0.0,,2024-04-29 10:00:00
589,,PL-UA,B12-------,11:00-12:00,0.0,0.0,0.0,0.0,,2024-04-29 11:00:00
590,,PL-UA,B13-------,12:00-13:00,0.0,0.0,0.0,0.0,,2024-04-29 12:00:00
591,,PL-UA,B14-------,13:00-14:00,0.0,0.0,0.0,0.0,,2024-04-29 13:00:00
592,,PL-UA,B15-------,14:00-15:00,0.0,0.0,0.0,0.0,,2024-04-29 14:00:00
593,,PL-UA,B16-------,15:00-16:00,91.0,91.0,91.0,0.0,,2024-04-29 15:00:00
594,,PL-UA,B17-------,16:00-17:00,123.0,163.0,123.0,13.86,,2024-04-29 16:00:00
595,,PL-UA,B18-------,17:00-18:00,214.0,468.0,214.0,25.0,,2024-04-29 17:00:00
596,,PL-UA,B19-------,18:00-19:00,255.0,550.0,255.0,25.0,,2024-04-29 18:00:00
597,,PL-UA,B20-------,19:00-20:00,74.0,188.0,74.0,25.0,,2024-04-29 19:00:00
598,,PL-UA,B21-------,20:00-21:00,255.0,550.0,255.0,18.64,,2024-04-29 20:00:00
599,,PL-UA,B22-------,21:00-22:00,255.0,550.0,255.0,16.95,,2024-04-29 21:00:00
600,,PL-UA,B01-------,00:00-01:00,100.0,200.0,100.0,0.02,,2024-04-30 00:00:00
601,,PL-UA,B02-------,01:00-02:00,100.0,200.0,100.0,0.02,,2024-04-30 01:00:00
602,,PL-UA,B03-------,02:00-03:00,100.0,200.0,100.0,0.02,,2024-04-30 02:00:00
603,,PL-UA,B04-------,03:00-04:00,100.0,200.0,100.0,0.02,,2024-04-30 03:00:00
604,,PL-UA,B05-------,04:00-05:00,119.0,238.0,119.0,0.02,,2024-04-30 04:00:00
605,,PL-UA,B06-------,05:00-06:00,228.0,506.0,228.0,0.07,,2024-04-30 05:00:00
606,,PL-UA,B07-------,06:00-07:00,210.0,532.0,210.0,0.21,,2024-04-30 06:00:00
607,,PL-UA,B08-------,07:00-08:00,100.0,265.0,100.0,0.21,,2024-04-30 07:00:00
608,,PL-UA,B09-------,08:00-09:00,0.0,0.0,0.0,0.0,,2024-04-30 08:00:00
609,,PL-UA,B10-------,09:00-10:00,0.0,0.0,0.0,0.0,,2024-04-30 09:00:00
610,,PL-UA,B11-------,10:00-11:00,0.0,0.0,0.0,0.0,,2024-04-30 10:00:00
611,,PL-UA,B12-------,11:00-12:00,0.0,0.0,0.0,0.0,,2024-04-30 11:00:00
612,,PL-UA,B13-------,12:00-13:00,0.0,0.0,0.0,0.0,,2024-04-30 12:00:00
613,,PL-UA,B14-------,13:00-14:00,0.0,0.0,0.0,0.0,,2024-04-30 13:00:00
614,,PL-UA,B15-------,14:00-15:00,0.0,0.0,0.0,0.0,,2024-04-30 14:00:00
615,,PL-UA,B16-------,15:00-16:00,0.0,0.0,0.0,0.0,,2024-04-30 15:00:00
616,,PL-UA,B17-------,16:00-17:00,82.0,230.0,82.0,20.0,,2024-04-30 16:00:00
617,,PL-UA,B18-------,17:00-18:00,210.0,532.0,210.0,18.55,,2024-04-30 17:00:00
618,,PL-UA,B19-------,18:00-19:00,255.0,631.0,255.0,15.43,,2024-04-30 18:00:00
619,,PL-UA,B20-------,19:00-20:00,0.0,0.0,0.0,0.0,,2024-04-30 19:00:00
620,,PL-UA,B21-------,20:00-21:00,0.0,0.0,0.0,0.0,,2024-04-30 20:00:00
621,,PL-UA,B22-------,21:00-22:00,173.0,429.0,173.0,7.98,,2024-04-30 21:00:00
622,,PL-UA,B23-------,22:00-23:00,100.0,200.0,100.0,0.06,,2024-04-30 22:00:00
623,,PL-UA,B24-------,23:00-24:00,100.0,200.0,100.0,0.3,,2024-04-30 23:00:00
624,,PL-UA,B08-------,07:00-08:00,100.0,300.0,100.0,1.2,,2024-05-01 07:00:00
625,,PL-UA,B07-------,06:00-07:00,111.0,333.0,111.0,5.0,,2024-05-01 06:00:00
626,,PL-UA,B06-------,05:00-06:00,228.0,456.0,228.0,0.08,,2024-05-01 05:00:00
627,,PL-UA,B05-------,04:00-05:00,119.0,263.0,119.0,0.02,,2024-05-01 04:00:00
628,,PL-UA,B04-------,03:00-04:00,100.0,225.0,100.0,0.02,,2024-05-01 03:00:00
629,,PL-UA,B03-------,02:00-03:00,100.0,225.0,100.0,0.02,,2024-05-01 02:00:00
630,,PL-UA,B02-------,01:00-02:00,100.0,225.0,100.0,0.02,,2024-05-01 01:00:00
631,,PL-UA,B01-------,00:00-01:00,100.0,225.0,100.0,0.02,,2024-05-01 00:00:00
632,,PL-UA,B09-------,08:00-09:00,0.0,0.0,0.0,0.0,,2024-05-01 08:00:00
633,,PL-UA,B10-------,09:00-10:00,0.0,0.0,0.0,0.0,,2024-05-01 09:00:00
634,,PL-UA,B11-------,10:00-11:00,0.0,0.0,0.0,0.0,,2024-05-01 10:00:00
635,,PL-UA,B12-------,11:00-12:00,0.0,0.0,0.0,0.0,,2024-05-01 11:00:00
636,,PL-UA,B13-------,12:00-13:00,0.0,0.0,0.0,0.0,,2024-05-01 12:00:00
637,,PL-UA,B14-------,13:00-14:00,0.0,0.0,0.0,0.0,,2024-05-01 13:00:00
638,,PL-UA,B15-------,14:00-15:00,0.0,0.0,0.0,0.0,,2024-05-01 14:00:00
639,,PL-UA,B16-------,15:00-16:00,0.0,0.0,0.0,0.0,,2024-05-01 15:00:00
640,,PL-UA,B17-------,16:00-17:00,82.0,271.0,82.0,15.0,,2024-05-01 16:00:00
641,,PL-UA,B18-------,17:00-18:00,210.0,700.0,210.0,20.0,,2024-05-01 17:00:00
642,,PL-UA,B19-------,18:00-19:00,255.0,835.0,255.0,20.0,,2024-05-01 18:00:00
643,,PL-UA,B20-------,19:00-20:00,0.0,0.0,0.0,0.0,,2024-05-01 19:00:00
644,,PL-UA,B21-------,20:00-21:00,0.0,0.0,0.0,0.0,,2024-05-01 20:00:00
645,,PL-UA,B22-------,21:00-22:00,0.0,0.0,0.0,0.0,,2024-05-01 21:00:00
646,,PL-UA,B23-------,22:00-23:00,100.0,200.0,100.0,0.1,,2024-05-01 22:00:00
647,,PL-UA,B24-------,23:00-24:00,100.0,200.0,100.0,0.1,,2024-05-01 23:00:00
648,,PL-UA,B24-------,23:00-24:00,0.0,0.0,0.0,0.0,,2024-05-02 23:00:00
649,,PL-UA,B23-------,22:00-23:00,0.0,0.0,0.0,0.0,,2024-05-02 22:00:00
650,,PL-UA,B22-------,21:00-22:00,0.0,0.0,0.0,0.0,,2024-05-02 21:00:00
651,,PL-UA,B21-------,20:00-21:00,0.0,0.0,0.0,0.0,,2024-05-02 20:00:00
652,,PL-UA,B20-------,19:00-20:00,0.0,0.0,0.0,0.0,,2024-05-02 19:00:00
653,,PL-UA,B19-------,18:00-19:00,0.0,0.0,0.0,0.0,,2024-05-02 18:00:00
654,,PL-UA,B18-------,17:00-18:00,100.0,299.0,100.0,30.0,,2024-05-02 17:00:00
655,,PL-UA,B17-------,16:00-17:00,0.0,0.0,0.0,0.0,,2024-05-02 16:00:00
656,,PL-UA,B16-------,15:00-16:00,0.0,0.0,0.0,0.0,,2024-05-02 15:00:00
657,,PL-UA,B15-------,14:00-15:00,0.0,0.0,0.0,0.0,,2024-05-02 14:00:00
658,,PL-UA,B14-------,13:00-14:00,0.0,0.0,0.0,0.0,,2024-05-02 13:00:00
659,,PL-UA,B13-------,12:00-13:00,0.0,0.0,0.0,0.0,,2024-05-02 12:00:00
660,,PL-UA,B12-------,11:00-12:00,0.0,0.0,0.0,0.0,,2024-05-02 11:00:00
661,,PL-UA,B11-------,10:00-11:00,0.0,0.0,0.0,0.0,,2024-05-02 10:00:00
662,,PL-UA,B10-------,09:00-10:00,0.0,0.0,0.0,0.0,,2024-05-02 09:00:00
663,,PL-UA,B09-------,08:00-09:00,0.0,0.0,0.0,0.0,,2024-05-02 08:00:00
664,,PL-UA,B08-------,07:00-08:00,0.0,0.0,0.0,0.0,,2024-05-02 07:00:00
665,,PL-UA,B07-------,06:00-07:00,0.0,0.0,0.0,0.0,,2024-05-02 06:00:00
666,,PL-UA,B06-------,05:00-06:00,0.0,0.0,0.0,0.0,,2024-05-02 05:00:00
667,,PL-UA,B05-------,04:00-05:00,0.0,0.0,0.0,0.0,,2024-05-02 04:00:00
668,,PL-UA,B04-------,03:00-04:00,0.0,0.0,0.0,0.0,,2024-05-02 03:00:00
669,,PL-UA,B01-------,00:00-01:00,0.0,0.0,0.0,0.0,,2024-05-02 00:00:00
670,,PL-UA,B02-------,01:00-02:00,0.0,0.0,0.0,0.0,,2024-05-02 01:00:00
671,,PL-UA,B03-------,02:00-03:00,0.0,0.0,0.0,0.0,,2024-05-02 02:00:00
672,,PL-UA,B24-------,23:00-24:00,0.0,0.0,0.0,0.0,,2024-05-03 23:00:00
673,,PL-UA,B01-------,00:00-01:00,0.0,0.0,0.0,0.0,,2024-05-03 00:00:00
674,,PL-UA,B02-------,01:00-02:00,0.0,0.0,0.0,0.0,,2024-05-03 01:00:00
675,,PL-UA,B03-------,02:00-03:00,0.0,0.0,0.0,0.0,,2024-05-03 02:00:00
676,,PL-UA,B04-------,03:00-04:00,0.0,0.0,0.0,0.0,,2024-05-03 03:00:00
677,,PL-UA,B05-------,04:00-05:00,0.0,0.0,0.0,0.0,,2024-05-03 04:00:00
678,,PL-UA,B06-------,05:00-06:00,0.0,0.0,0.0,0.0,,2024-05-03 05:00:00
679,,PL-UA,B07-------,06:00-07:00,0.0,0.0,0.0,0.0,,2024-05-03 06:00:00
680,,PL-UA,B08-------,07:00-08:00,0.0,0.0,0.0,0.0,,2024-05-03 07:00:00
681,,PL-UA,B09-------,08:00-09:00,0.0,0.0,0.0,0.0,,2024-05-03 08:00:00
682,,PL-UA,B10-------,09:00-10:00,0.0,0.0,0.0,0.0,,2024-05-03 09:00:00
683,,PL-UA,B11-------,10:00-11:00,0.0,0.0,0.0,0.0,,2024-05-03 10:00:00
684,,PL-UA,B12-------,11:00-12:00,0.0,0.0,0.0,0.0,,2024-05-03 11:00:00
685,,PL-UA,B13-------,12:00-13:00,0.0,0.0,0.0,0.0,,2024-05-03 12:00:00
686,,PL-UA,B14-------,13:00-14:00,0.0,0.0,0.0,0.0,,2024-05-03 13:00:00
687,,PL-UA,B15-------,14:00-15:00,0.0,0.0,0.0,0.0,,2024-05-03 14:00:00
688,,PL-UA,B16-------,15:00-16:00,0.0,0.0,0.0,0.0,,2024-05-03 15:00:00
689,,PL-UA,B17-------,16:00-17:00,0.0,0.0,0.0,0.0,,2024-05-03 16:00:00
690,,PL-UA,B18-------,17:00-18:00,117.0,334.0,117.0,20.0,,2024-05-03 17:00:00
691,,PL-UA,B19-------,18:00-19:00,0.0,0.0,0.0,0.0,,2024-05-03 18:00:00
692,,PL-UA,B20-------,19:00-20:00,0.0,0.0,0.0,0.0,,2024-05-03 19:00:00
693,,PL-UA,B21-------,20:00-21:00,0.0,0.0,0.0,0.0,,2024-05-03 20:00:00
694,,PL-UA,B22-------,21:00-22:00,0.0,0.0,0.0,0.0,,2024-05-03 21:00:00
695,,PL-UA,B23-------,22:00-23:00,80.0,80.0,80.0,0.0,,2024-05-03 22:00:00
696,,PL-UA,B01-------,00:00-01:00,0.0,0.0,0.0,0.0,,2024-05-04 00:00:00
697,,PL-UA,B02-------,01:00-02:00,0.0,0.0,0.0,0.0,,2024-05-04 01:00:00
698,,PL-UA,B03-------,02:00-03:00,0.0,0.0,0.0,0.0,,2024-05-04 02:00:00
699,,PL-UA,B04-------,03:00-04:00,0.0,0.0,0.0,0.0,,2024-05-04 03:00:00
700,,PL-UA,B05-------,04:00-05:00,0.0,0.0,0.0,0.0,,2024-05-04 04:00:00
701,,PL-UA,B24-------,23:00-24:00,0.0,0.0,0.0,0.0,,2024-05-04 23:00:00
702,,PL-UA,B23-------,22:00-23:00,0.0,0.0,0.0,0.0,,2024-05-04 22:00:00
703,,PL-UA,B22-------,21:00-22:00,0.0,0.0,0.0,0.0,,2024-05-04 21:00:00
704,,PL-UA,B21-------,20:00-21:00,0.0,0.0,0.0,0.0,,2024-05-04 20:00:00
705,,PL-UA,B20-------,19:00-20:00,0.0,0.0,0.0,0.0,,2024-05-04 19:00:00
706,,PL-UA,B19-------,18:00-19:00,32.0,62.0,32.0,30.0,,2024-05-04 18:00:00
707,,PL-UA,B18-------,17:00-18:00,0.0,0.0,0.0,0.0,,2024-05-04 17:00:00
708,,PL-UA,B17-------,16:00-17:00,0.0,0.0,0.0,0.0,,2024-05-04 16:00:00
709,,PL-UA,B16-------,15:00-16:00,0.0,0.0,0.0,0.0,,2024-05-04 15:00:00
710,,PL-UA,B15-------,14:00-15:00,0.0,0.0,0.0,0.0,,2024-05-04 14:00:00
711,,PL-UA,B14-------,13:00-14:00,0.0,0.0,0.0,0.0,,2024-05-04 13:00:00
712,,PL-UA,B13-------,12:00-13:00,0.0,0.0,0.0,0.0,,2024-05-04 12:00:00
713,,PL-UA,B12-------,11:00-12:00,0.0,0.0,0.0,0.0,,2024-05-04 11:00:00
714,,PL-UA,B11-------,10:00-11:00,0.0,0.0,0.0,0.0,,2024-05-04 10:00:00
715,,PL-UA,B10-------,09:00-10:00,0.0,0.0,0.0,0.0,,2024-05-04 09:00:00
716,,PL-UA,B09-------,08:00-09:00,0.0,0.0,0.0,0.0,,2024-05-04 08:00:00
717,,PL-UA,B08-------,07:00-08:00,0.0,0.0,0.0,0.0,,2024-05-04 07:00:00
718,,PL-UA,B07-------,06:00-07:00,0.0,0.0,0.0,0.0,,2024-05-04 06:00:00
719,,PL-UA,B06-------,05:00-06:00,0.0,0.0,0.0,0.0,,2024-05-04 05:00:00
720,,PL-UA,B01-------,00:00-01:00,0.0,0.0,0.0,0.0,,2024-05-05 00:00:00
721,,PL-UA,B02-------,01:00-02:00,0.0,0.0,0.0,0.0,,2024-05-05 01:00:00
722,,PL-UA,B03-------,02:00-03:00,0.0,0.0,0.0,0.0,,2024-05-05 02:00:00
723,,PL-UA,B04-------,03:00-04:00,0.0,0.0,0.0,0.0,,2024-05-05 03:00:00
724,,PL-UA,B05-------,04:00-05:00,0.0,0.0,0.0,0.0,,2024-05-05 04:00:00
725,,PL-UA,B06-------,05:00-06:00,46.0,46.0,46.0,0.0,,2024-05-05 05:00:00
726,,PL-UA,B07-------,06:00-07:00,0.0,0.0,0.0,0.0,,2024-05-05 06:00:00
727,,PL-UA,B08-------,07:00-08:00,0.0,0.0,0.0,0.0,,2024-05-05 07:00:00
728,,PL-UA,B09-------,08:00-09:00,0.0,0.0,0.0,0.0,,2024-05-05 08:00:00
729,,PL-UA,B10-------,09:00-10:00,0.0,0.0,0.0,0.0,,2024-05-05 09:00:00
730,,PL-UA,B11-------,10:00-11:00,0.0,0.0,0.0,0.0,,2024-05-05 10:00:00
731,,PL-UA,B12-------,11:00-12:00,0.0,0.0,0.0,0.0,,2024-05-05 11:00:00
732,,PL-UA,B13-------,12:00-13:00,0.0,0.0,0.0,0.0,,2024-05-05 12:00:00
733,,PL-UA,B14-------,13:00-14:00,0.0,0.0,0.0,0.0,,2024-05-05 13:00:00
734,,PL-UA,B15-------,14:00-15:00,0.0,0.0,0.0,0.0,,2024-05-05 14:00:00
735,,PL-UA,B16-------,15:00-16:00,46.0,92.0,46.0,0.48,,2024-05-05 15:00:00
736,,PL-UA,B17-------,16:00-17:00,46.0,132.0,46.0,10.0,,2024-05-05 16:00:00
737,,PL-UA,B18-------,17:00-18:00,100.0,295.0,100.0,40.0,,2024-05-05 17:00:00
738,,PL-UA,B19-------,18:00-19:00,0.0,0.0,0.0,0.0,,2024-05-05 18:00:00
739,,PL-UA,B20-------,19:00-20:00,0.0,0.0,0.0,0.0,,2024-05-05 19:00:00
740,,PL-UA,B21-------,20:00-21:00,0.0,0.0,0.0,0.0,,2024-05-05 20:00:00
741,,PL-UA,B22-------,21:00-22:00,0.0,0.0,0.0,0.0,,2024-05-05 21:00:00
742,,PL-UA,B23-------,22:00-23:00,100.0,100.0,100.0,0.0,,2024-05-05 22:00:00
743,,PL-UA,B24-------,23:00-24:00,64.0,64.0,64.0,0.0,,2024-05-05 23:00:00
